2026-07-04_01-57-45,0,main.go:2026-07-04_01-57-45;stack.go:2026-07-04_01-57-45
2026-07-04_02-10-10,0,main.go:2026-07-04_02-10-10;stack.go:2026-07-04_01-57-45
2026-07-04_02-30-44,0,main.go:2026-07-04_02-30-44;stack.go:2026-07-04_01-57-45
2026-07-04_02-32-02,0,main.go:2026-07-04_02-32-02;stack.go:2026-07-04_01-57-45
2026-07-04_02-34-12,0,main.go:2026-07-04_02-34-12;stack.go:2026-07-04_01-57-45
2026-07-04_02-38-02,0,main.go:2026-07-04_02-38-02;stack.go:2026-07-04_01-57-45
2026-07-04_02-39-05,0,main.go:2026-07-04_02-39-05;stack.go:2026-07-04_01-57-45
2026-07-04_02-39-40,0,main.go:2026-07-04_02-39-05;stack.go:2026-07-04_01-57-45
2026-07-04_02-42-42,0,main.go:2026-07-04_02-42-42;stack.go:2026-07-04_01-57-45
2026-07-04_02-43-49,0,main.go:2026-07-04_02-43-49;stack.go:2026-07-04_01-57-45
2026-07-04_02-48-06,0,main.go:2026-07-04_02-48-06;stack.go:2026-07-04_01-57-45
2026-07-04_02-51-27,0,main.go:2026-07-04_02-51-27;stack.go:2026-07-04_01-57-45
2026-07-04_02-51-35,0,main.go:2026-07-04_02-51-35;stack.go:2026-07-04_01-57-45
2026-07-04_02-52-37,0,main.go:2026-07-04_02-52-37;stack.go:2026-07-04_01-57-45
2026-07-04_02-53-59,0,main.go:2026-07-04_02-53-59;stack.go:2026-07-04_01-57-45
2026-07-04_02-54-32,0,main.go:2026-07-04_02-54-32;stack.go:2026-07-04_01-57-45
2026-07-04_02-55-49,0,main.go:2026-07-04_02-55-49;stack.go:2026-07-04_01-57-45
2026-07-04_02-58-59,0,main.go:2026-07-04_02-58-59;stack.go:2026-07-04_01-57-45
2026-07-04_02-59-26,0,main.go:2026-07-04_02-59-26;stack.go:2026-07-04_01-57-45
2026-07-04_02-59-35,100,main.go:2026-07-04_02-59-35;stack.go:2026-07-04_01-57-45
