2026-04-01_13-22-47,44,main.go:2026-04-01_13-22-47
2026-04-06_19-30-22,0,main.go:2026-04-06_19-30-22
2026-04-06_19-31-25,0,main.go:2026-04-06_19-31-25
2026-04-06_19-33-07,11,main.go:2026-04-06_19-33-07
2026-04-06_19-34-29,0,main.go:2026-04-06_19-34-29
2026-04-06_19-35-44,0,main.go:2026-04-06_19-35-44
2026-04-06_19-36-57,11,main.go:2026-04-06_19-36-57
2026-04-06_19-37-24,11,main.go:2026-04-06_19-37-24
2026-04-06_19-37-46,88,main.go:2026-04-06_19-37-46
2026-04-06_19-38-38,33,main.go:2026-04-06_19-38-38
2026-04-06_19-40-12,88,main.go:2026-04-06_19-40-12
2026-04-06_19-40-49,88,main.go:2026-04-06_19-40-49
2026-04-06_19-40-50,88,main.go:2026-04-06_19-40-49
2026-04-06_19-41-09,88,main.go:2026-04-06_19-40-49
2026-04-06_19-41-20,33,main.go:2026-04-06_19-41-20
2026-04-06_19-41-30,88,main.go:2026-04-06_19-41-30
2026-04-06_19-42-06,88,main.go:2026-04-06_19-42-06
2026-04-06_19-48-27,55,main.go:2026-04-06_19-48-27
2026-04-06_19-49-07,---,main.go:2026-04-06_19-48-27
2026-04-06_19-49-39,88,main.go:2026-04-06_19-49-39
2026-04-06_19-50-28,0,main.go:2026-04-06_19-50-28
2026-04-06_19-50-44,88,main.go:2026-04-06_19-50-44
2026-04-06_19-51-46,100,main.go:2026-04-06_19-51-46
