2026-04-07_14-23-52,0,main.go:2026-04-07_14-23-52;pen.go:2026-04-07_14-23-52
2026-04-07_14-37-36,0,main.go:2026-04-07_14-37-36;pen.go:2026-04-07_14-23-52
2026-04-07_14-37-43,0,main.go:2026-04-07_14-37-36;pen.go:2026-04-07_14-23-52
2026-04-07_14-38-30,0,main.go:2026-04-07_14-37-36;pen.go:2026-04-07_14-23-52
2026-04-07_14-43-24,0,main.go:2026-04-07_14-37-36;pen.go:2026-04-07_14-23-52
2026-04-07_14-45-11,0,main.go:2026-04-07_14-37-36;pen.go:2026-04-07_14-23-52
2026-04-07_14-45-13,0,main.go:2026-04-07_14-37-36;pen.go:2026-04-07_14-23-52
2026-04-07_14-45-15,0,main.go:2026-04-07_14-37-36;pen.go:2026-04-07_14-23-52
2026-04-07_14-46-12,0,main.go:2026-04-07_14-46-12;pen.go:2026-04-07_14-23-52
2026-04-07_14-46-26,0,main.go:2026-04-07_14-46-26;pen.go:2026-04-07_14-23-52
2026-04-07_14-46-59,0,main.go:2026-04-07_14-46-59;pen.go:2026-04-07_14-23-52
2026-04-07_14-47-02,0,main.go:2026-04-07_14-46-59;pen.go:2026-04-07_14-23-52
2026-04-07_14-47-04,0,main.go:2026-04-07_14-46-59;pen.go:2026-04-07_14-23-52
2026-04-08_13-23-40,0,main.go:2026-04-07_14-46-59;pen.go:2026-04-07_14-23-52
2026-04-08_13-23-51,0,main.go:2026-04-07_14-46-59;pen.go:2026-04-07_14-23-52
2026-04-08_13-25-39,0,main.go:2026-04-07_14-46-59;pen.go:2026-04-07_14-23-52
2026-04-08_13-25-50,0,main.go:2026-04-07_14-46-59;pen.go:2026-04-07_14-23-52
2026-04-08_13-30-45,0,main.go:2026-04-07_14-46-59;pen.go:2026-04-07_14-23-52
2026-04-08_13-36-12,0,main.go:2026-04-07_14-46-59;pen.go:2026-04-07_14-23-52
2026-04-08_13-48-32,0,main.go:2026-04-07_14-46-59;pen.go:2026-04-07_14-23-52
2026-04-08_14-08-18,0,main.go:2026-04-08_14-08-18;pen.go:2026-04-07_14-23-52
2026-04-08_14-08-32,0,main.go:2026-04-08_14-08-32;pen.go:2026-04-07_14-23-52
2026-04-08_14-10-19,0,main.go:2026-04-08_14-10-19;pen.go:2026-04-07_14-23-52
2026-04-08_14-10-30,0,main.go:2026-04-08_14-10-30;pen.go:2026-04-07_14-23-52
2026-04-08_14-10-45,0,main.go:2026-04-08_14-10-45;pen.go:2026-04-07_14-23-52
2026-04-08_14-11-16,0,main.go:2026-04-08_14-11-16;pen.go:2026-04-07_14-23-52
2026-04-08_14-12-26,0,main.go:2026-04-08_14-12-26;pen.go:2026-04-07_14-23-52
2026-04-08_14-12-45,0,main.go:2026-04-08_14-12-45;pen.go:2026-04-07_14-23-52
2026-04-08_14-12-59,0,main.go:2026-04-08_14-12-59;pen.go:2026-04-07_14-23-52
2026-04-08_14-18-40,0,main.go:2026-04-08_14-18-40;pen.go:2026-04-07_14-23-52
2026-04-08_14-19-17,0,main.go:2026-04-08_14-19-17;pen.go:2026-04-07_14-23-52
2026-04-08_14-19-33,0,main.go:2026-04-08_14-19-33;pen.go:2026-04-07_14-23-52
2026-04-08_14-19-43,0,main.go:2026-04-08_14-19-43;pen.go:2026-04-07_14-23-52
2026-04-08_14-19-50,0,main.go:2026-04-08_14-19-50;pen.go:2026-04-07_14-23-52
2026-04-08_14-20-35,0,main.go:2026-04-08_14-20-35;pen.go:2026-04-07_14-23-52
2026-04-08_14-22-00,0,main.go:2026-04-08_14-22-00;pen.go:2026-04-07_14-23-52
2026-04-08_14-22-11,0,main.go:2026-04-08_14-22-11;pen.go:2026-04-07_14-23-52
2026-04-08_14-24-21,0,main.go:2026-04-08_14-24-21;pen.go:2026-04-07_14-23-52
2026-04-08_14-24-29,0,main.go:2026-04-08_14-24-29;pen.go:2026-04-07_14-23-52
2026-04-08_14-24-44,0,main.go:2026-04-08_14-24-44;pen.go:2026-04-07_14-23-52
2026-04-08_14-25-13,0,main.go:2026-04-08_14-25-13;pen.go:2026-04-07_14-23-52
2026-04-08_14-25-25,0,main.go:2026-04-08_14-25-25;pen.go:2026-04-07_14-23-52
2026-04-08_14-33-07,0,main.go:2026-04-08_14-33-07;pen.go:2026-04-07_14-23-52
2026-04-08_14-34-15,0,main.go:2026-04-08_14-34-15;pen.go:2026-04-07_14-23-52
2026-04-08_14-34-27,0,main.go:2026-04-08_14-34-27;pen.go:2026-04-07_14-23-52
2026-04-08_14-34-36,0,main.go:2026-04-08_14-34-36;pen.go:2026-04-07_14-23-52
2026-04-08_14-34-50,0,main.go:2026-04-08_14-34-50;pen.go:2026-04-07_14-23-52
2026-04-08_14-35-01,0,main.go:2026-04-08_14-35-01;pen.go:2026-04-07_14-23-52
2026-04-08_14-35-15,0,main.go:2026-04-08_14-35-15;pen.go:2026-04-07_14-23-52
2026-04-08_14-35-23,0,main.go:2026-04-08_14-35-23;pen.go:2026-04-07_14-23-52
2026-04-08_14-35-31,0,main.go:2026-04-08_14-35-23;pen.go:2026-04-07_14-23-52
2026-04-08_14-35-36,0,main.go:2026-04-08_14-35-23;pen.go:2026-04-07_14-23-52
2026-04-08_14-37-03,0,main.go:2026-04-08_14-37-03;pen.go:2026-04-07_14-23-52
2026-04-08_14-37-09,0,main.go:2026-04-08_14-37-09;pen.go:2026-04-07_14-23-52
2026-04-08_14-37-34,0,main.go:2026-04-08_14-37-34;pen.go:2026-04-07_14-23-52
2026-04-08_14-37-41,0,main.go:2026-04-08_14-37-41;pen.go:2026-04-07_14-23-52
2026-04-08_14-37-47,0,main.go:2026-04-08_14-37-47;pen.go:2026-04-07_14-23-52
2026-04-08_14-38-42,0,main.go:2026-04-08_14-38-42;pen.go:2026-04-07_14-23-52
2026-04-08_14-40-51,0,main.go:2026-04-08_14-40-51;pen.go:2026-04-07_14-23-52
2026-04-08_14-41-04,0,main.go:2026-04-08_14-41-04;pen.go:2026-04-07_14-23-52
2026-04-08_14-47-59,0,main.go:2026-04-08_14-47-59;pen.go:2026-04-07_14-23-52
2026-04-08_14-48-19,0,main.go:2026-04-08_14-48-19;pen.go:2026-04-07_14-23-52
2026-04-08_14-48-32,0,main.go:2026-04-08_14-48-32;pen.go:2026-04-07_14-23-52
2026-04-08_14-48-42,0,main.go:2026-04-08_14-48-42;pen.go:2026-04-07_14-23-52
2026-04-08_14-49-42,0,main.go:2026-04-08_14-49-42;pen.go:2026-04-07_14-23-52
2026-04-08_14-50-06,0,main.go:2026-04-08_14-50-06;pen.go:2026-04-07_14-23-52
2026-04-13_20-31-07,0,main.go:2026-04-08_14-50-06;pen.go:2026-04-07_14-23-52
2026-04-13_20-32-40,0,main.go:2026-04-13_20-32-40;pen.go:2026-04-07_14-23-52
2026-04-13_20-32-55,0,main.go:2026-04-13_20-32-55;pen.go:2026-04-07_14-23-52
2026-04-13_20-33-15,0,main.go:2026-04-13_20-33-15;pen.go:2026-04-07_14-23-52
2026-04-13_20-33-53,0,main.go:2026-04-13_20-33-15;pen.go:2026-04-07_14-23-52
2026-04-13_20-34-23,0,main.go:2026-04-13_20-33-15;pen.go:2026-04-07_14-23-52
2026-04-13_20-34-24,0,main.go:2026-04-13_20-33-15;pen.go:2026-04-07_14-23-52
2026-04-13_20-34-31,0,main.go:2026-04-13_20-33-15;pen.go:2026-04-07_14-23-52
2026-04-13_20-38-19,0,main.go:2026-04-13_20-38-19;pen.go:2026-04-07_14-23-52
2026-04-13_20-38-35,0,main.go:2026-04-13_20-38-35;pen.go:2026-04-07_14-23-52
2026-04-13_20-39-01,0,main.go:2026-04-13_20-38-35;pen.go:2026-04-07_14-23-52
2026-04-13_20-40-23,0,main.go:2026-04-13_20-40-23;pen.go:2026-04-07_14-23-52
2026-04-13_20-40-39,0,main.go:2026-04-13_20-40-39;pen.go:2026-04-07_14-23-52
2026-04-13_20-41-11,0,main.go:2026-04-13_20-41-11;pen.go:2026-04-07_14-23-52
2026-04-13_20-41-50,0,main.go:2026-04-13_20-41-50;pen.go:2026-04-07_14-23-52
2026-04-13_20-42-31,0,main.go:2026-04-13_20-42-31;pen.go:2026-04-07_14-23-52
2026-04-13_20-42-54,0,main.go:2026-04-13_20-42-54;pen.go:2026-04-07_14-23-52
2026-04-13_20-43-23,0,main.go:2026-04-13_20-43-23;pen.go:2026-04-07_14-23-52
2026-04-13_20-43-42,0,main.go:2026-04-13_20-43-42;pen.go:2026-04-07_14-23-52
2026-04-13_20-45-36,0,main.go:2026-04-13_20-45-36;pen.go:2026-04-07_14-23-52
2026-04-13_20-45-57,0,main.go:2026-04-13_20-45-57;pen.go:2026-04-07_14-23-52
2026-04-13_20-46-10,0,main.go:2026-04-13_20-46-10;pen.go:2026-04-07_14-23-52
2026-04-13_20-46-19,0,main.go:2026-04-13_20-46-19;pen.go:2026-04-07_14-23-52
2026-04-13_20-47-38,0,main.go:2026-04-13_20-47-38;pen.go:2026-04-07_14-23-52
2026-04-13_20-47-56,0,main.go:2026-04-13_20-47-56;pen.go:2026-04-07_14-23-52
2026-04-13_20-48-04,0,main.go:2026-04-13_20-48-04;pen.go:2026-04-07_14-23-52
2026-04-13_20-48-13,0,main.go:2026-04-13_20-48-13;pen.go:2026-04-07_14-23-52
2026-04-13_20-48-35,0,main.go:2026-04-13_20-48-35;pen.go:2026-04-07_14-23-52
2026-04-13_20-48-42,0,main.go:2026-04-13_20-48-42;pen.go:2026-04-07_14-23-52
2026-04-13_20-51-25,0,main.go:2026-04-13_20-51-25;pen.go:2026-04-07_14-23-52
2026-04-13_20-51-58,0,main.go:2026-04-13_20-51-58;pen.go:2026-04-07_14-23-52
2026-04-13_20-52-16,0,main.go:2026-04-13_20-52-16;pen.go:2026-04-07_14-23-52
2026-04-13_20-52-28,0,main.go:2026-04-13_20-52-28;pen.go:2026-04-07_14-23-52
2026-04-13_20-52-34,0,main.go:2026-04-13_20-52-34;pen.go:2026-04-07_14-23-52
2026-04-13_20-53-01,0,main.go:2026-04-13_20-53-01;pen.go:2026-04-07_14-23-52
2026-04-13_20-54-22,0,main.go:2026-04-13_20-54-22;pen.go:2026-04-07_14-23-52
2026-04-13_20-54-25,0,main.go:2026-04-13_20-54-22;pen.go:2026-04-07_14-23-52
2026-04-13_20-54-27,0,main.go:2026-04-13_20-54-22;pen.go:2026-04-07_14-23-52
2026-04-13_21-03-22,0,main.go:2026-04-13_21-03-22;pen.go:2026-04-07_14-23-52
2026-04-13_21-03-24,0,main.go:2026-04-13_21-03-22;pen.go:2026-04-07_14-23-52
2026-04-13_22-40-10,0,main.go:2026-04-13_22-40-10;pen.go:2026-04-07_14-23-52
2026-04-13_22-40-55,0,main.go:2026-04-13_22-40-55;pen.go:2026-04-07_14-23-52
2026-04-13_22-43-26,0,main.go:2026-04-13_22-43-26;pen.go:2026-04-07_14-23-52
2026-04-13_22-43-34,0,main.go:2026-04-13_22-43-26;pen.go:2026-04-07_14-23-52
2026-04-13_22-43-40,0,main.go:2026-04-13_22-43-26;pen.go:2026-04-07_14-23-52
2026-04-13_22-44-57,0,main.go:2026-04-13_22-44-57;pen.go:2026-04-07_14-23-52
2026-04-13_22-45-13,0,main.go:2026-04-13_22-44-57;pen.go:2026-04-07_14-23-52
2026-04-13_22-45-15,0,main.go:2026-04-13_22-44-57;pen.go:2026-04-07_14-23-52
